model,precision,recall,tnr,f1,bal_acc,fp,fn
raw_sage,0.2731829573934837,0.7676056338028169,0.8985304408677397,0.40295748613678367,0.8330680373352783,290.0,33.0
